"INDV","N_SITES.x","MEAN_DEPTH","N_DATA","N_GENOTYPES_FILTERED","N_MISS","F_MISS","O.HOM.","E.HOM.","N_SITES.y","Fis","POP","Sample","Lib","Index","Row"
"Gaa-LCCSP_MGL-19774_Lib1_I11",16092,88.5328,16092,0,65,0.00403927,14859,13747.8,15227,0.75122,"Gaa-LCCSP","MGL-19774","Lib1","I11",NA
"Gag-ES_MGL-16340_Lib1_I2",16092,94.2658,16092,0,171,0.0106264,14207,13658.7,15127,0.37344,"Gag-ES","MGL-16340","Lib1","I2",NA
"Gag-ES_MGL-16341_Lib1_I2",16092,103.677,16092,0,175,0.010875,14223,13647.8,15121,0.39045,"Gag-ES","MGL-16341","Lib1","I2",NA
"Gan-CHS_MGL-16358_Lib1_I8",16092,83.2592,16092,0,10,0.000621427,14282,13799.5,15283,0.32526,"Gan-CHS","MGL-16358","Lib1","I8",NA
"Gan-CHS_MGL-16359_Lib1_I7",16092,138.364,16092,0,15,0.00093214,14282,13792.3,15276,0.33006,"Gan-CHS","MGL-16359","Lib1","I7",NA
"Gan-CHS_MGL-16360_Lib1_I9",16092,145.385,16092,0,24,0.00149142,14383,13784.6,15266,0.40394,"Gan-CHS","MGL-16360","Lib1","I9",NA
"Gan-CHS_MGL-16361_Lib1_I7",16092,36.0841,16092,0,178,0.0110614,14156,13647.4,15120,0.34539,"Gan-CHS","MGL-16361","Lib1","I7",NA
"Gan-CHS_MGL-16362_Lib1_I2",16092,124.744,16092,0,31,0.00192642,14358,13778.5,15259,0.39141,"Gan-CHS","MGL-16362","Lib1","I2",NA
"Gan-CHS_MGL-16363_Lib1_I2",16090,259.687,16092,0,26,0.00161571,14283,13784.4,15265,0.33676,"Gan-CHS","MGL-16363","Lib1","I2",NA
"Gan-CHS_MGL-16364_Lib1_I8",16092,188.998,16092,0,26,0.00161571,14412,13782.8,15265,0.42449,"Gan-CHS","MGL-16364","Lib1","I8",NA
"Gan-CHS_MGL-16365_Lib1_I8",16092,187.048,16092,0,40,0.00248571,14304,13770.6,15252,0.36007,"Gan-CHS","MGL-16365","Lib1","I8",NA
"Gan-CHS_MGL-16366_Lib1_I8",16092,49.787,16092,0,476,0.0295799,14031,13393,14843,0.44001,"Gan-CHS","MGL-16366","Lib1","I8",NA
"Gan-CHS_MGL-16367_Lib1_I9",16092,85.4866,16092,0,37,0.00229928,14192,13775,15256,0.28159,"Gan-CHS","MGL-16367","Lib1","I9",NA
"Gan-CHS_MGL-16368_Lib1_I9",16092,25.2284,16092,0,1094,0.0679841,13296,12856.1,14256,0.31425,"Gan-CHS","MGL-16368","Lib1","I9",NA
"Gan-CHS_MGL-16369_Lib1_I7",16092,232.017,16092,0,5,0.000310713,14265,13801.8,15285,0.3123,"Gan-CHS","MGL-16369","Lib1","I7",NA
"Gan-CHS_MGL-16372_Lib1_I7",16092,90.2211,16092,0,10,0.000621427,14153,13798.3,15281,0.23923,"Gan-CHS","MGL-16372","Lib1","I7",NA
"Gan-CHS_MGL-16373_Lib1_I9",16092,35.9964,16092,0,435,0.0270321,13901,13421.9,14874,0.32993,"Gan-CHS","MGL-16373","Lib1","I9",NA
"Gan-CHS_MGL-16374_Lib1_I7",16092,93.6052,16092,0,49,0.00304499,14352,13763,15243,0.39797,"Gan-CHS","MGL-16374","Lib1","I7",NA
"Gan-CHS_MGL-16375_Lib1_I2",16092,128.744,16092,0,45,0.00279642,14310,13766.9,15247,0.36691,"Gan-CHS","MGL-16375","Lib1","I2",NA
"Gan-CHS_MGL-16375_Lib1_I8",16090,252.373,16092,0,21,0.001305,14334,13788.3,15271,0.36805,"Gan-CHS","MGL-16375","Lib1","I8",NA
"Gan-CHS_MGL-16377_Lib1_I2",16092,40.8487,16092,0,894,0.0555556,13170,13026.8,14442,0.10121,"Gan-CHS","MGL-16377","Lib1","I2",NA
"Gan-CHS_MGL-16378_Lib1_I8",16092,119.065,16092,0,16,0.000994283,14421,13793.8,15276,0.42314,"Gan-CHS","MGL-16378","Lib1","I8",NA
"Gan-CHS_MGL-16379_Lib1_I8",16088,56.4128,16092,0,392,0.0243599,14017,13458.5,14916,0.38321,"Gan-CHS","MGL-16379","Lib1","I8",NA
"Gan-CHS_MGL-16380_Lib1_I9",16092,66.6336,16092,0,267,0.0165921,14098,13576.2,15043,0.35576,"Gan-CHS","MGL-16380","Lib1","I9",NA
"Gan-CHS_MGL-16383_Lib1_I9",16092,189.755,16092,0,18,0.00111857,14266,13789.8,15272,0.32127,"Gan-CHS","MGL-16383","Lib1","I9",NA
"Gan-CHS_MGL-16386_Lib1_I11",16092,162.432,16092,0,19,0.00118071,14400,13792.4,15274,0.41009,"Gan-CHS","MGL-16386","Lib1","I11",NA
"Gan-CHS_MGL-16387_Lib1_I11",16092,205.274,16092,0,14,0.000869998,13058,13794.2,15277,-0.49649,"Gan-CHS","MGL-16387","Lib1","I11",NA
"Gan-CHS_MGL-16387_Lib1_I9",16092,64.1949,16092,0,39,0.00242356,13019,13772,15253,-0.50844,"Gan-CHS","MGL-16387","Lib1","I9",NA
"Gan-CHS_MGL-16388_Lib1_I11",16092,175.475,16092,0,11,0.000683569,14362,13797.5,15279,0.38102,"Gan-CHS","MGL-16388","Lib1","I11",NA
"Gan-CHS_MGL-16388_Lib1_I7",16092,69.2839,16092,0,35,0.00217499,14331,13773.6,15256,0.37603,"Gan-CHS","MGL-16388","Lib1","I7",NA
"Gan-CHS_MGL-16389_Lib1_I2",16092,84.3455,16092,0,187,0.0116207,14121,13640.9,15111,0.3266,"Gan-CHS","MGL-16389","Lib1","I2",NA
"Gan-CHS_MGL-16390_Lib1_I11",16092,80.9591,16092,0,2,0.000124285,14433,13805.7,15289,0.42292,"Gan-CHS","MGL-16390","Lib1","I11",NA
"Gan-CHS_MGL-16392_Lib1_I9",16092,100.102,16092,0,5,0.000310713,14207,13802,15285,0.27309,"Gan-CHS","MGL-16392","Lib1","I9",NA
"Gan-CHS_MGL-16393_Lib1_I7",16092,122.277,16092,0,8,0.000497141,14355,13798.7,15282,0.37504,"Gan-CHS","MGL-16393","Lib1","I7",NA
"Gan-ES_MGL-16286_Lib1_I11",16092,109.173,16092,0,28,0.00174,14267,13783.6,15266,0.3261,"Gan-ES","MGL-16286","Lib1","I11",NA
"Gan-ES_MGL-16294_Lib1_I8",16092,209.317,16092,0,32,0.00198857,14397,13776.8,15258,0.41871,"Gan-ES","MGL-16294","Lib1","I8",NA
"Gan-ES_MGL-16294_Lib2_I8",16092,36.2658,16092,0,1096,0.0681084,13407,12845.6,14249,0.40004,"Gan-ES","MGL-16294","Lib2","I8",NA
"Gan-ES_MGL-16304_Lib1_I9",16092,126.424,16092,0,14,0.000869998,14391,13796.8,15278,0.40117,"Gan-ES","MGL-16304","Lib1","I9",NA
"Gan-ES_MGL-16308_Lib1_I2",16092,56.5237,16092,0,252,0.01566,14089,13587.9,15052,0.34228,"Gan-ES","MGL-16308","Lib1","I2",NA
"Gan-ES_MGL-16310_Lib1_I8",16092,198.335,16092,0,9,0.000559284,14365,13798.3,15281,0.38222,"Gan-ES","MGL-16310","Lib1","I8",NA
"Gan-ES_MGL-16310_Lib2_I6",16092,27.6431,16092,0,1396,0.0867512,13042,12584,13964,0.33188,"Gan-ES","MGL-16310","Lib2","I6",NA
"Gan-ES_MGL-16311_Lib1_I8",16092,205.639,16092,0,26,0.00161571,14384,13781.9,15265,0.40596,"Gan-ES","MGL-16311","Lib1","I8",NA
"Gan-ES_MGL-16311_Lib2_I6",16092,22.1358,16092,0,1843,0.114529,12678,12179.6,13537,0.36719,"Gan-ES","MGL-16311","Lib2","I6",NA
"Gan-ES_MGL-16312_Lib1_I8",16092,71.9065,16092,0,155,0.00963212,14250,13670.2,15141,0.3942,"Gan-ES","MGL-16312","Lib1","I8",NA
"Gan-ES_MGL-16314_Lib1_I2",16092,142.704,16092,0,38,0.00236142,14318,13774.8,15254,0.36721,"Gan-ES","MGL-16314","Lib1","I2",NA
"Gan-ES_MGL-16315_Lib1_I7",16092,138.902,16092,0,1,6.21427e-05,14190,13805.2,15289,0.25933,"Gan-ES","MGL-16315","Lib1","I7",NA
"Gan-ES_MGL-16317_Lib1_I8",16092,211.742,16092,0,48,0.00298285,14306,13764.2,15246,0.36565,"Gan-ES","MGL-16317","Lib1","I8",NA
"Gan-ES_MGL-16319_Lib1_I8",16092,83.3935,16092,0,55,0.00341785,14261,13756.7,15236,0.34088,"Gan-ES","MGL-16319","Lib1","I8",NA
"Gan-ES_MGL-16328_Lib1_I9",16092,86.9299,16092,0,221,0.0137335,13994,13620.1,15085,0.25524,"Gan-ES","MGL-16328","Lib1","I9",NA
"Gan-ES_MGL-16331_Lib1_I9",16092,192.246,16092,0,36,0.00223714,14392,13774.1,15255,0.41724,"Gan-ES","MGL-16331","Lib1","I9",NA
"Gan-ES_MGL-16333_Lib1_I9",16092,160.182,16092,0,24,0.00149142,14372,13785.3,15267,0.39598,"Gan-ES","MGL-16333","Lib1","I9",NA
"Gan-ES_MGL-16335_Lib1_I9",16092,60.6209,16092,0,96,0.0059657,14231,13721.7,15199,0.34475,"Gan-ES","MGL-16335","Lib1","I9",NA
"Gan-ES_MGL-16348_Lib1_I7",16092,57.1384,16092,0,44,0.00273428,14383,13770.7,15250,0.41392,"Gan-ES","MGL-16348","Lib1","I7",NA
"Gan-ES_MGL-16349_Lib1_I7",16084,17.0862,16092,0,1389,0.0863162,13047,12606.9,13985,0.31935,"Gan-ES","MGL-16349","Lib1","I7",NA
"Gan-ES_MGL-16351_Lib1_I9",16092,307.865,16092,0,33,0.00205071,14404,13777.6,15258,0.42314,"Gan-ES","MGL-16351","Lib1","I9",NA
"Gan-ES_MGL-16353_Lib1_I11",16092,108.501,16092,0,111,0.00689784,14337,13712.5,15186,0.42384,"Gan-ES","MGL-16353","Lib1","I11",NA
"Gan-ES_MGL-16356_Lib1_I7",16092,136.837,16092,0,26,0.00161571,14278,13786.5,15267,0.33197,"Gan-ES","MGL-16356","Lib1","I7",NA
"Gan-ES_MGL-16357_Lib1_I7",16092,16.863,16092,0,1788,0.111111,12601,12232.7,13581,0.27317,"Gan-ES","MGL-16357","Lib1","I7",NA
"Gan-EU_MGL-16423_Lib1_I8",16092,95.008,16092,0,12,0.000745712,14923,13796.8,15280,0.7593,"Gan-EU","MGL-16423","Lib1","I8",NA
"Gan-EU_MGL-16424_Lib1_I9",16092,37.137,16092,0,224,0.01392,14724,13609.1,15077,0.75952,"Gan-EU","MGL-16424","Lib1","I9",NA
"Gan-EU_MGL-16425_Lib1_I2",16092,239.216,16092,0,14,0.000869998,14843,13793.9,15276,0.70784,"Gan-EU","MGL-16425","Lib1","I2",NA
"Gan-EU_MGL-16426_Lib1_I2",16092,405.673,16092,0,16,0.000994283,14907,13791.5,15274,0.75244,"Gan-EU","MGL-16426","Lib1","I2",NA
"Gan-EU_MGL-16428_Lib1_I7",16092,237.788,16092,0,8,0.000497141,14915,13799.6,15283,0.75191,"Gan-EU","MGL-16428","Lib1","I7",NA
"Gan-EU_MGL-16429_Lib1_I11",16092,350.617,16092,0,9,0.000559284,14906,13799.3,15283,0.7459,"Gan-EU","MGL-16429","Lib1","I11",NA
"Gan-EU_MGL-16431_Lib1_I8",16092,48.8552,16092,0,232,0.0144171,14703,13600.9,15070,0.75019,"Gan-EU","MGL-16431","Lib1","I8",NA
"Gan-EU_MGL-16432_Lib1_I11",16092,297.752,16092,0,3,0.000186428,14931,13803.6,15287,0.76002,"Gan-EU","MGL-16432","Lib1","I11",NA
"Gan-EU_MGL-16435_Lib1_I11",16092,657.193,16092,0,5,0.000310713,14903,13801.7,15285,0.74246,"Gan-EU","MGL-16435","Lib1","I11",NA
"Gan-EU_MGL-16435_Lib2_I10",16092,101.277,16092,0,67,0.00416356,14837,13747.8,15225,0.73735,"Gan-EU","MGL-16435","Lib2","I10",NA
"Gan-EU_MGL-16437_Lib1_I7",16092,384.584,16092,0,7,0.000434999,14868,13800.9,15284,0.7195,"Gan-EU","MGL-16437","Lib1","I7",NA
"Gan-EU_MGL-16438_Lib1_I7",16092,659.951,16092,0,2,0.000124285,14929,13804.2,15288,0.75805,"Gan-EU","MGL-16438","Lib1","I7",NA
"Gan-EU_MGL-16438_Lib2_I6",16092,56.651,16092,0,291,0.0180835,14648,13542.8,15008,0.75431,"Gan-EU","MGL-16438","Lib2","I6",NA
"Gan-EU_MGL-16439_Lib1_I11",16092,112.419,16092,0,25,0.00155357,14832,13784.5,15266,0.70706,"Gan-EU","MGL-16439","Lib1","I11",NA
"Gan-EU_MGL-16440_Lib1_I11",16092,217.031,16092,0,4,0.000248571,14945,13803.4,15286,0.76999,"Gan-EU","MGL-16440","Lib1","I11",NA
"Gan-EU_MGL-16441_Lib1_I2",16092,164.836,16092,0,72,0.00447427,14891,13741.3,15220,0.77751,"Gan-EU","MGL-16441","Lib1","I2",NA
"Gan-EU_MGL-16442_Lib1_I7",16092,643.315,16092,0,0,0,14900,13806.2,15290,0.73716,"Gan-EU","MGL-16442","Lib1","I7",NA
"Gan-EU_MGL-16443_Lib1_I11",16092,269.34,16092,0,1,6.21427e-05,14932,13805.2,15289,0.7594,"Gan-EU","MGL-16443","Lib1","I11",NA
"Gan-EU_MGL-16444_Lib1_I9",16092,231.2,16092,0,1,6.21427e-05,14910,13805.2,15289,0.74458,"Gan-EU","MGL-16444","Lib1","I9",NA
"Gan-EU_MGL-16445_Lib1_I11",16092,390.617,16092,0,17,0.00105643,14651,13793.6,15275,0.57876,"Gan-EU","MGL-16445","Lib1","I11",NA
"Gan-EU_MGL-16446_Lib1_I8",16092,247.886,16092,0,2,0.000124285,14861,13804.2,15288,0.71222,"Gan-EU","MGL-16446","Lib1","I8",NA
"Gan-EU_MGL-16447_Lib1_I9",16092,129.251,16092,0,0,0,14888,13806.2,15290,0.72908,"Gan-EU","MGL-16447","Lib1","I9",NA
"Gan-EU_MGL-16448_Lib1_I9",16092,510.226,16092,0,1,6.21427e-05,14893,13805.4,15289,0.73308,"Gan-EU","MGL-16448","Lib1","I9",NA
"Gan-EU_MGL-16449_Lib1_I7",16092,399.546,16092,0,29,0.00180214,14912,13782,15263,0.763,"Gan-EU","MGL-16449","Lib1","I7",NA
"Gan-EU_MGL-16450_Lib1_I7",16092,144.59,16092,0,0,0,14909,13806.2,15290,0.74323,"Gan-EU","MGL-16450","Lib1","I7",NA
"Gan-EU_MGL-16451_Lib1_I7",16092,160.464,16092,0,0,0,14902,13806.2,15290,0.73851,"Gan-EU","MGL-16451","Lib1","I7",NA
"Gan-FLS_MGL-16202_Lib1_I7",16092,146.198,16092,0,19,0.00118071,14921,13788,15271,0.76399,"Gan-FLS","MGL-16202","Lib1","I7",NA
"Gan-FLS_MGL-16204_Lib1_I9",16092,95.7063,16092,0,8,0.000497141,14900,13799.5,15282,0.74233,"Gan-FLS","MGL-16204","Lib1","I9",NA
"Gan-FLS_MGL-16208_Lib1_I2",16092,74.0319,16092,0,239,0.0148521,14658,13595.2,15062,0.72458,"Gan-FLS","MGL-16208","Lib1","I2",NA
"Gan-FLS_MGL-16211_Lib1_I8",16092,58.9473,16092,0,255,0.0158464,14587,13572.4,15040,0.69132,"Gan-FLS","MGL-16211","Lib1","I8",NA
"Gan-FLS_MGL-16212_Lib1_I11",16092,190.525,16092,0,9,0.000559284,14878,13799.1,15281,0.72806,"Gan-FLS","MGL-16212","Lib1","I11",NA
"Gan-FLS_MGL-16213_Lib1_I2",16092,84.7601,16092,0,114,0.00708427,14834,13706,15180,0.76526,"Gan-FLS","MGL-16213","Lib1","I2",NA
"Gan-FLS_MGL-16216_Lib1_I7",16092,98.0325,16092,0,1,6.21427e-05,14913,13805.3,15289,0.74659,"Gan-FLS","MGL-16216","Lib1","I7",NA
"Gan-FLS_MGL-16224_Lib1_I9",16092,135.124,16092,0,4,0.000248571,14883,13802.2,15286,0.7284,"Gan-FLS","MGL-16224","Lib1","I9",NA
"Gan-FLS_MGL-16226_Lib1_I7",16092,176.937,16092,0,7,0.000434999,14925,13801.2,15285,0.75737,"Gan-FLS","MGL-16226","Lib1","I7",NA
"Gan-FLS_MGL-16232_Lib1_I11",16092,108.661,16092,0,10,0.000621427,14944,13798.7,15281,0.77265,"Gan-FLS","MGL-16232","Lib1","I11",NA
"Gan-FLS_MGL-16234_Lib1_I9",16092,87.5043,16092,0,17,0.00105643,14889,13794.3,15275,0.73931,"Gan-FLS","MGL-16234","Lib1","I9",NA
"Gan-FLS_MGL-16238_Lib1_I7",16092,98.8456,16092,0,4,0.000248571,14790,13802.6,15286,0.66564,"Gan-FLS","MGL-16238","Lib1","I7",NA
"Gan-FLS_MGL-16239_Lib1_I9",16092,140.391,16092,0,1,6.21427e-05,14858,13805.4,15289,0.70949,"Gan-FLS","MGL-16239","Lib1","I9",NA
"Gan-FLS_MGL-16244_Lib1_I11",16092,185.849,16092,0,0,0,14877,13806.2,15290,0.72166,"Gan-FLS","MGL-16244","Lib1","I11",NA
"Gan-FLS_MGL-16245_Lib1_I8",16092,157.814,16092,0,3,0.000186428,14903,13803.3,15287,0.7412,"Gan-FLS","MGL-16245","Lib1","I8",NA
"Gan-FLS_MGL-16248_Lib1_I11",16092,139,16092,0,0,0,14919,13806.2,15290,0.74997,"Gan-FLS","MGL-16248","Lib1","I11",NA
"Gan-FLS_MGL-16252_Lib1_I9",16092,80.5509,16092,0,4,0.000248571,14930,13802.3,15286,0.76007,"Gan-FLS","MGL-16252","Lib1","I9",NA
"Gan-FLS_MGL-16258_Lib1_I7",16089,59.8409,16092,0,7,0.000434999,14906,13800,15283,0.74579,"Gan-FLS","MGL-16258","Lib1","I7",NA
"Gan-FLS_MGL-16261_Lib1_I8",16092,59.7377,16092,0,161,0.010005,14697,13666.3,15139,0.69988,"Gan-FLS","MGL-16261","Lib1","I8",NA
"Gan-HEAD_MGL-16162_Lib1_I11",16092,200.202,16092,0,10,0.000621427,14924,13796.7,15280,0.76,"Gan-HEAD","MGL-16162","Lib1","I11",NA
"Gan-HEAD_MGL-16167_Lib1_I9",16092,70.9224,16092,0,9,0.000559284,14922,13798.5,15282,0.75733,"Gan-HEAD","MGL-16167","Lib1","I9",NA
"Gan-PHL_MGL-18958_Lib1_I11",16092,136.835,16092,0,15,0.00093214,14452,13794,15276,0.44399,"Gan-PHL","MGL-18958","Lib1","I11",NA
"Gan-PHL_MGL-18967_Lib1_I8",16092,203.336,16092,0,37,0.00229928,14647,13773.2,15254,0.5901,"Gan-PHL","MGL-18967","Lib1","I8",NA
"Gan-PHL_MGL-18970_Lib1_I11",16092,245.902,16092,0,48,0.00298285,14674,13766.8,15245,0.61371,"Gan-PHL","MGL-18970","Lib1","I11",NA
"Gan-PHL_MGL-18973_Lib1_I11",16092,258.599,16092,0,1,6.21427e-05,14493,13805.6,15289,0.46338,"Gan-PHL","MGL-18973","Lib1","I11",NA
"Gan-PHL_PSGn_1_Lib2_I10",16092,123.594,16092,0,36,0.00223714,14653,13772.2,15254,0.59441,"Gan-PHL","PSGn_1","Lib2","I10",NA
"Gan-PHL_PSGn_10_Lib2_I8",16092,116.809,16092,0,26,0.00161571,14544,13783.1,15265,0.51348,"Gan-PHL","PSGn_10","Lib2","I8",NA
"Gan-PHL_PSGn_11_Lib2_I1",16092,159.732,16092,0,10,0.000621427,14632,13797.9,15281,0.5624,"Gan-PHL","PSGn_11","Lib2","I1",NA
"Gan-PHL_PSGn_12_Lib2_I10",16092,140.881,16092,0,48,0.00298285,14518,13763.9,15244,0.5095,"Gan-PHL","PSGn_12","Lib2","I10",NA
"Gan-PHL_PSGn_13_Lib2_I6",16092,164.696,16092,0,4,0.000248571,14699,13803.1,15286,0.60414,"Gan-PHL","PSGn_13","Lib2","I6",NA
"Gan-PHL_PSGn_3_Lib2_I1",16092,102.698,16092,0,6,0.000372856,14726,13800.3,15284,0.62392,"Gan-PHL","PSGn_3","Lib2","I1",NA
"Gan-PHL_PSGn_4_Lib2_I8",16092,121.341,16092,0,23,0.00142928,14682,13785.8,15267,0.60504,"Gan-PHL","PSGn_4","Lib2","I8",NA
"Gan-PHL_PSGn_7_Lib2_I6",16092,130.36,16092,0,50,0.00310713,14649,13763.5,15242,0.59893,"Gan-PHL","PSGn_7","Lib2","I6",NA
"Gan-PHL_PSGn_9_Lib2_I8",16092,150.366,16092,0,22,0.00136714,13391,13786,15268,-0.26657,"Gan-PHL","PSGn_9","Lib2","I8",NA
"Gan-Sink27_94671-A_Lib2_I6",16092,65.5911,16092,0,28,0.00174,14990,13780.9,15262,0.81636,"Gan-Sink27","94671-A","Lib2","I6",NA
"Gan-Sink27_94671-B_Lib2_I10",16092,47.8481,16092,0,36,0.00223714,14893,13773,15255,0.75574,"Gan-Sink27","94671-B","Lib2","I10",NA
"Gan-Sink27_94671-C_Lib2_I8",16092,51.3338,16092,0,52,0.00323142,14927,13760.8,15240,0.7884,"Gan-Sink27","94671-C","Lib2","I8",NA
"Gan-Sink27_94683-A_Lib2_I1",16092,38.0933,16092,0,160,0.00994283,14855,13663.7,15137,0.80859,"Gan-Sink27","94683-A","Lib2","I1",NA
"Gan-Sink31_94672-A_Lib2_I10",16092,37.4006,16092,0,172,0.0106885,14499,13652.2,15127,0.57417,"Gan-Sink31","94672-A","Lib2","I10",NA
"Gan-Sink31_94672-B_Lib2_I1",16091,41.6553,16092,0,84,0.00521999,14554,13733.2,15212,0.55504,"Gan-Sink31","94672-B","Lib2","I1",NA
"Gan-Sink31_94672-C_Lib2_I8",16092,46.6708,16092,0,18,0.00111857,14582,13790.4,15273,0.53394,"Gan-Sink31","94672-C","Lib2","I8",NA
"Gan-Sink31_94672-D_Lib2_I8",16092,32.999,16092,0,95,0.00590355,14544,13725.2,15202,0.55444,"Gan-Sink31","94672-D","Lib2","I8",NA
"Gan-Sink31_94672-E_Lib2_I10",16092,32.7594,16092,0,260,0.0161571,14400,13584.3,15049,0.55692,"Gan-Sink31","94672-E","Lib2","I10",NA
"Gan-Sink31_94686-A_Lib2_I6",16092,39.476,16092,0,26,0.00161571,14531,13783.2,15264,0.50499,"Gan-Sink31","94686-A","Lib2","I6",NA
"Gan-Sink31_94686-B_Lib2_I1",16092,14.9571,16092,0,1566,0.0973154,12928,12434.4,13794,0.36303,"Gan-Sink31","94686-B","Lib2","I1",NA
"Gan-Sink31_94686-C_Lib2_I1",16092,22.5198,16092,0,311,0.0193264,14255,13532.5,14992,0.49503,"Gan-Sink31","94686-C","Lib2","I1",NA
"Gan-Sink31_94695-A_Lib2_I8",16092,37.0155,16092,0,186,0.0115585,14837,13638.6,15111,0.81391,"Gan-Sink31","94695-A","Lib2","I8",NA
"Gan-Sink31_94695-B_Lib2_I10",16092,37.3694,16092,0,125,0.00776783,14858,13692.3,15167,0.79046,"Gan-Sink31","94695-B","Lib2","I10",NA
"Gan-Sink31_94695-C_Lib2_I6",16092,57.6912,16092,0,99,0.00615213,14910,13719,15195,0.80691,"Gan-Sink31","94695-C","Lib2","I6",NA
"Gan-Sink37_94681-A_Lib2_I1",16092,31.7527,16092,0,118,0.00733284,14772,13706.3,15177,0.72461,"Gan-Sink37","94681-A","Lib2","I1",NA
"Gan-Sink37_94681-C_Lib2_I10",16092,23.3312,16092,0,649,0.0403306,14261,13236.2,14675,0.71225,"Gan-Sink37","94681-C","Lib2","I10",NA
"Gan-Sink37_94701-A_Lib2_I6",16092,54.6955,16092,0,40,0.00248571,14903,13771.7,15251,0.76475,"Gan-Sink37","94701-A","Lib2","I6",NA
"Gan-Sink37_94701-B_Lib2_I6",16092,45.9344,16092,0,36,0.00223714,14827,13773.6,15255,0.71108,"Gan-Sink37","94701-B","Lib2","I6",NA
"Gan-Sink37_94701-C_Lib2_I8",16092,40.8997,16092,0,53,0.00329356,14854,13758.7,15240,0.73941,"Gan-Sink37","94701-C","Lib2","I8",NA
"Gan-Sink7_94670-A_Lib2_I6",16092,16.8609,16092,0,852,0.0529456,13004,13047.9,14468,-0.03091,"Gan-Sink7","94670-A","Lib2","I6",NA
"Gan-Sink7_94670-B_Lib2_I10",16092,15.3512,16092,0,1224,0.0760626,13102,12725.4,14117,0.27062,"Gan-Sink7","94670-B","Lib2","I10",NA
"Gan-Sink7_94670-C_Lib2_I8",16090,12.4126,16092,0,2045,0.127082,12999,12020.8,13342,0.74038,"Gan-Sink7","94670-C","Lib2","I8",NA
"Gan-Sink7_94687-A_Lib2_I8",16092,45.0401,16092,0,21,0.001305,14933,13788.5,15270,0.77252,"Gan-Sink7","94687-A","Lib2","I8",NA
"Gan-Sink7_94687-B_Lib2_I6",16092,43.7594,16092,0,20,0.00124285,14697,13788.3,15270,0.61327,"Gan-Sink7","94687-B","Lib2","I6",NA
"Gan-Sink7_94687-C_Lib2_I10",16092,34.3656,16092,0,178,0.0110614,14838,13649.3,15120,0.80826,"Gan-Sink7","94687-C","Lib2","I10",NA
"Gan-Sink7_94696-A_Lib2_I1",16092,15.9151,16092,0,1231,0.0764976,13010,12727.6,14118,0.20312,"Gan-Sink7","94696-A","Lib2","I1",NA
"Gan-Sink7_94696-B_Lib2_I1",16092,20.3197,16092,0,718,0.0446184,14193,13174.6,14600,0.71447,"Gan-Sink7","94696-B","Lib2","I1",NA
"Gno-BAL_B01-24_Lib3_I10",16092,47.4397,16092,0,54,0.0033557,14397,13758.4,15238,0.43161,"Gan-BAL","B01-24","Lib3","I10",NA
"Gno-BAL_B02-24_Lib3_I7",16092,269.102,16092,0,9,0.000559284,14383,13798.5,15281,0.39426,"Gan-BAL","B02-24","Lib3","I7",NA
"Gno-BAL_B03-24_Lib3_I10",16092,428.222,16092,0,21,0.001305,14238,13787.5,15269,0.3041,"Gan-BAL","B03-24","Lib3","I10",NA
"Gno-BAL_B04-24_Lib3_I2",16090,108.083,16092,0,52,0.00323142,14345,13760.1,15239,0.39548,"Gan-BAL","B04-24","Lib3","I2",NA
"Gno-BAL_B05-24_Lib3_I10",16092,61.7292,16092,0,31,0.00192642,14274,13779.4,15259,0.33428,"Gan-BAL","B05-24","Lib3","I10",NA
"Gno-BAL_B06-24_Lib3_I7",16092,185.181,16092,0,5,0.000310713,14371,13801.8,15285,0.38376,"Gan-BAL","B06-24","Lib3","I7",NA
"Gno-BAL_B07-24_Lib3_I4",16092,49.472,16092,0,51,0.00316928,14210,13763.4,15242,0.30202,"Gan-BAL","B07-24","Lib3","I4",NA
"Gno-BAL_B08-24_Lib3_I7",16092,373.742,16092,0,42,0.00260999,14295,13766.4,15248,0.35679,"Gan-BAL","B08-24","Lib3","I7",NA
"Gno-BAL_B09-24_Lib3_I2",16092,58.8423,16092,0,36,0.00223714,13983,13774.3,15256,0.14087,"Gan-BAL","B09-24","Lib3","I2",NA
"Gno-BAL_B10-24_Lib3_I10",16092,85.6701,16092,0,52,0.00323142,14339,13762.2,15241,0.39005,"Gan-BAL","B10-24","Lib3","I10",NA
"Gno-BAL_B11-24_Lib3_I10",16092,29.8411,16092,0,185,0.0114964,13361,13649.6,15116,-0.19683,"Gan-BAL","B11-24","Lib3","I10",NA
"Gno-BAL_B12-24_Lib3_I2",16092,145.152,16092,0,20,0.00124285,14363,13790.1,15272,0.3866,"Gan-BAL","B12-24","Lib3","I2",NA
"Gno-BAL_B13-24_Lib3_I2",16092,91.2108,16092,0,9,0.000559284,14356,13799.5,15282,0.3754,"Gan-BAL","B13-24","Lib3","I2",NA
"Gno-BAL_B14-24_Lib3_I2",16092,148.08,16092,0,1,6.21427e-05,14111,13805.2,15289,0.20609,"Gan-BAL","B14-24","Lib3","I2",NA
"Gno-BAL_B15-24_Lib3_I10",16090,56.2029,16092,0,137,0.00851355,14199,13681.7,15156,0.35087,"Gan-BAL","B15-24","Lib3","I10",NA
"Gno-BAL_B16-24_Lib3_I4",16089,28.7948,16092,0,2446,0.152001,11657,11681.7,12957,-0.01934,"Gan-BAL","B16-24","Lib3","I4",NA
"Gno-BAL_B17-24_Lib3_I4",16092,58.5358,16092,0,119,0.00739498,14182,13700.8,15175,0.3264,"Gan-BAL","B17-24","Lib3","I4",NA
"Gno-BAL_B18-24_Lib3_I4",16092,108.093,16092,0,0,0,13584,13806.2,15290,-0.14974,"Gan-BAL","B18-24","Lib3","I4",NA
"Gno-BAL_B19-24_Lib3_I2",16092,218.942,16092,0,2,0.000124285,14367,13805.1,15288,0.37893,"Gan-BAL","B19-24","Lib3","I2",NA
"Gno-BAL_B22-24_Lib3_I2",16092,164.828,16092,0,10,0.000621427,14293,13796.5,15280,0.3347,"Gan-BAL","B22-24","Lib3","I2",NA
"Gno-BAL_B23-24_Lib3_I4",16092,117.542,16092,0,13,0.000807855,14366,13795.6,15278,0.3848,"Gan-BAL","B23-24","Lib3","I4",NA
"Gno-BAL_B24-24_Lib3_I7",16092,170.42,16092,0,14,0.000869998,14385,13794,15276,0.39878,"Gan-BAL","B24-24","Lib3","I7",NA
"Gno-BAL_B25-24_Lib3_I7",16092,105.058,16092,0,4,0.000248571,14466,13802.6,15286,0.44722,"Gan-BAL","B25-24","Lib3","I7",NA
"Gno-BC_BL14-24_Lib3_I4",16092,492.717,16092,0,10,0.000621427,14504,13797.6,15280,0.47652,"Gan-BC","BL14-24","Lib3","I4",NA
"Gno-BC_BL15-24_Lib3_I4",16092,105.637,16092,0,58,0.00360428,14502,13753.8,15233,0.50581,"Gan-BC","BL15-24","Lib3","I4",NA
"Gno-BC_BL16-24_Lib3_I10",16092,186.441,16092,0,26,0.00161571,14587,13783.8,15266,0.5419,"Gan-BC","BL16-24","Lib3","I10",NA
"Gno-BC_BL17-24_Lib3_I7",16092,117.881,16092,0,17,0.00105643,14612,13793.2,15274,0.55296,"Gan-BC","BL17-24","Lib3","I7",NA
"Gno-BC_BL18-24_Lib3_I10",16092,197.849,16092,0,3,0.000186428,14496,13804.9,15288,0.466,"Gan-BC","BL18-24","Lib3","I10",NA
"Gno-BC_BL19-24_Lib3_I4",16092,201.702,16092,0,13,0.000807855,14559,13795.6,15277,0.51532,"Gan-BC","BL19-24","Lib3","I4",NA
"Gno-BC_BL20-24_Lib3_I2",16092,289.7,16092,0,11,0.000683569,14636,13798,15280,0.56545,"Gan-BC","BL20-24","Lib3","I2",NA
"Gno-BC_BL21-24_Lib3_I7",16092,143.577,16092,0,9,0.000559284,14589,13800.2,15282,0.53234,"Gan-BC","BL21-24","Lib3","I7",NA
"Gno-BC_BL22-24_Lib3_I2",16092,270.544,16092,0,9,0.000559284,14623,13799,15281,0.556,"Gan-BC","BL22-24","Lib3","I2",NA
"Gno-BC_BL23-24_Lib3_I7",16092,149.343,16092,0,7,0.000434999,14618,13801.3,15284,0.55082,"Gan-BC","BL23-24","Lib3","I7",NA
"Gno-BC_BL24-24_Lib3_I2",16092,196.955,16092,0,18,0.00111857,14632,13790.8,15273,0.56752,"Gan-BC","BL24-24","Lib3","I2",NA
"Gno-BC_BL25-24_Lib3_I7",16092,63.7747,16092,0,39,0.00242356,14573,13773.5,15254,0.54002,"Gan-BC","BL25-24","Lib3","I7",NA
"Gno-BC_BL26-24_Lib3_I4",16092,766.152,16092,0,15,0.00093214,14579,13795,15278,0.52866,"Gan-BC","BL26-24","Lib3","I4",NA
"Gno-BC_BL27-24_Lib3_I7",16092,159.829,16092,0,0,0,14532,13806.2,15290,0.48916,"Gan-BC","BL27-24","Lib3","I7",NA
"Gno-BC_BL28-24_Lib3_I10",16092,52.4796,16092,0,29,0.00180214,14033,13782.9,15264,0.16885,"Gan-BC","BL28-24","Lib3","I10",NA
"Gno-BC_BL29-24_Lib3_I4",16092,373.723,16092,0,24,0.00149142,14607,13788.4,15268,0.55326,"Gan-BC","BL29-24","Lib3","I4",NA
"Gno-BC_BL30-24_Lib3_I10",16092,317.856,16092,0,31,0.00192642,14541,13780.6,15259,0.51434,"Gan-BC","BL30-24","Lib3","I10",NA
"Gno-BC_BL31-24_Lib3_I7",16092,92.5372,16092,0,72,0.00447427,14582,13749.7,15227,0.56338,"Gan-BC","BL31-24","Lib3","I7",NA
"Gno-BC_BL32-24_Lib3_I2",16092,198.921,16092,0,24,0.00149142,14635,13785.2,15267,0.57348,"Gan-BC","BL32-24","Lib3","I2",NA
"Gno-BC_BL33-24_Lib3_I2",16089,93.4557,16092,0,44,0.00273428,14597,13768.4,15248,0.56002,"Gan-BC","BL33-24","Lib3","I2",NA
"Gno-BC_BL34-24_Lib3_I2",16092,374.306,16092,0,12,0.000745712,14551,13797.7,15280,0.50821,"Gan-BC","BL34-24","Lib3","I2",NA
"Gno-BC_BL49-24_Lib3_I10",16092,265.214,16092,0,18,0.00111857,14608,13791.7,15274,0.55071,"Gan-BC","BL49-24","Lib3","I10",NA
"Gno-BC_BL50-24_Lib3_I10",16092,767.073,16092,0,10,0.000621427,14598,13797,15280,0.54012,"Gan-BC","BL50-24","Lib3","I10",NA
"Gno-BC_BL51-24_Lib3_I4",16092,142.124,16092,0,71,0.00441213,14518,13745.6,15225,0.5221,"Gan-BC","BL51-24","Lib3","I4",NA
"Gno-BLNWR_BL01-24_Lib3_I10",16082,59.7599,16092,0,80,0.00497141,14582,13734,15212,0.57374,"Gan-BLNWR","BL01-24","Lib3","I10",NA
"Gno-BLNWR_BL02-24_Lib3_I10",16092,22.7453,16092,0,268,0.0166542,14352,13574.5,15037,0.53163,"Gan-BLNWR","BL02-24","Lib3","I10",NA
"Gno-BLNWR_BL03-24_Lib3_I7",16092,88.1903,16092,0,15,0.00093214,14660,13793.8,15277,0.58401,"Gan-BLNWR","BL03-24","Lib3","I7",NA
"Gno-BLNWR_BL08-24_Lib3_I7",16092,434.663,16092,0,9,0.000559284,14678,13797.8,15281,0.59345,"Gan-BLNWR","BL08-24","Lib3","I7",NA
"Gno-BLNWR_BL09-24_Lib3_I7",16092,334.545,16092,0,28,0.00174,14652,13783.6,15265,0.5862,"Gan-BLNWR","BL09-24","Lib3","I7",NA
"Gno-BLNWR_BL10-24_Lib3_I4",16092,198.572,16092,0,31,0.00192642,14632,13778.1,15260,0.57621,"Gan-BLNWR","BL10-24","Lib3","I4",NA
"Gno-BLNWR_BL11-24_Lib3_I7",16092,263.649,16092,0,23,0.00142928,14604,13786.5,15268,0.55179,"Gan-BLNWR","BL11-24","Lib3","I7",NA
"Gno-BLNWR_BL12-24_Lib3_I10",16092,451.425,16092,0,19,0.00118071,14630,13789.8,15272,0.56687,"Gan-BLNWR","BL12-24","Lib3","I10",NA
"Gno-BLNWR_BL13-24_Lib3_I2",16092,305.841,16092,0,14,0.000869998,14633,13793.8,15276,0.56617,"Gan-BLNWR","BL13-24","Lib3","I2",NA
"Gno-BLNWR_BL35-24_Lib3_I10",16092,343.236,16092,0,12,0.000745712,14613,13796.8,15279,0.55067,"Gan-BLNWR","BL35-24","Lib3","I10",NA
"Gno-BLNWR_BL36-24_Lib3_I4",16092,857.854,16092,0,18,0.00111857,14578,13792.3,15274,0.53026,"Gan-BLNWR","BL36-24","Lib3","I4",NA
"Gno-BLNWR_BL37-24_Lib3_I2",16092,249.647,16092,0,19,0.00118071,14662,13791.3,15272,0.58804,"Gan-BLNWR","BL37-24","Lib3","I2",NA
"Gno-BLNWR_BL38-24_Lib3_I2",16092,248.46,16092,0,9,0.000559284,14597,13800,15283,0.53743,"Gan-BLNWR","BL38-24","Lib3","I2",NA
"Gno-BLNWR_BL39-24_Lib3_I4",16092,213.975,16092,0,2,0.000124285,14688,13804.2,15288,0.59564,"Gan-BLNWR","BL39-24","Lib3","I4",NA
"Gno-BLNWR_BL40-24_Lib3_I10",16092,205.245,16092,0,12,0.000745712,14689,13797.5,15279,0.60176,"Gan-BLNWR","BL40-24","Lib3","I10",NA
"Gno-BLNWR_BL41-24_Lib3_I4",16087,194.215,16092,0,44,0.00273428,14630,13769,15248,0.58214,"Gan-BLNWR","BL41-24","Lib3","I4",NA
"Gno-BLNWR_BL43-24_Lib3_I2",16092,108.71,16092,0,14,0.000869998,14455,13797.8,15280,0.4434,"Gan-BLNWR","BL43-24","Lib3","I2",NA
"Gno-BLNWR_BL44-24_Lib3_I7",16092,397.589,16092,0,26,0.00161571,14658,13786.1,15266,0.58916,"Gan-BLNWR","BL44-24","Lib3","I7",NA
"Gno-BLNWR_BL45-24_Lib3_I7",16092,216.21,16092,0,25,0.00155357,14611,13782.3,15265,0.5589,"Gan-BLNWR","BL45-24","Lib3","I7",NA
"Gno-BLNWR_BL46-24_Lib3_I7",16092,215.919,16092,0,27,0.00167785,14578,13785.9,15266,0.53517,"Gan-BLNWR","BL46-24","Lib3","I7",NA
"Gno-BLNWR_BL47-24_Lib3_I2",16092,228.287,16092,0,13,0.000807855,14675,13797.3,15280,0.59196,"Gan-BLNWR","BL47-24","Lib3","I2",NA
"Gno-BLNWR_BL48-24_Lib3_I4",16092,462.442,16092,0,32,0.00198857,14614,13779.5,15261,0.56328,"Gan-BLNWR","BL48-24","Lib3","I4",NA
"Gno-DY_DY01-24_Lib3_I4",16092,188.791,16092,0,1,6.21427e-05,14857,13805.3,15289,0.70884,"Gan-DY","DY01-24","Lib3","I4",NA
"Gno-DY_DY02-24_Lib3_I2",16092,192.575,16092,0,0,0,14882,13806.2,15290,0.72503,"Gan-DY","DY02-24","Lib3","I2",NA
"Gno-DY_DY03-24_Lib3_I10",16092,68.0437,16092,0,211,0.0131121,14677,13618.6,15088,0.72029,"Gan-DY","DY03-24","Lib3","I10",NA
"Gno-DY_DY04-24_Lib3_I7",16092,175.994,16092,0,5,0.000310713,14854,13801.2,15285,0.70952,"Gan-DY","DY04-24","Lib3","I7",NA
"Gno-DY_DY05-24_Lib3_I4",16092,171.435,16092,0,26,0.00161571,14876,13783.1,15265,0.7375,"Gan-DY","DY05-24","Lib3","I4",NA
"Gno-DY_DY06-24_Lib3_I10",16092,83.7118,16092,0,36,0.00223714,14741,13775.7,15258,0.65123,"Gan-DY","DY06-24","Lib3","I10",NA
"Gno-DY_DY07-24_Lib3_I10",16092,97.0511,16092,0,19,0.00118071,14780,13789.3,15272,0.66818,"Gan-DY","DY07-24","Lib3","I10",NA
"Gno-DY_DY08-24_Lib3_I2",16092,201.958,16092,0,7,0.000434999,14868,13800.2,15283,0.72012,"Gan-DY","DY08-24","Lib3","I2",NA
"Gno-DY_DY09-24_Lib3_I4",16092,235.391,16092,0,0,0,14908,13806.2,15290,0.74256,"Gan-DY","DY09-24","Lib3","I4",NA
"Gno-DY_DY11-24_Lib3_I7",16092,112.749,16092,0,3,0.000186428,14921,13803.6,15287,0.75327,"Gan-DY","DY11-24","Lib3","I7",NA
"Gno-DY_DY12-24_Lib3_I4",16092,21.8709,16092,0,332,0.0206314,14023,13513.7,14970,0.34972,"Gan-DY","DY12-24","Lib3","I4",NA
"Gno-DY_DY13-24_Lib3_I10",16092,510.362,16092,0,4,0.000248571,14876,13802.2,15286,0.72368,"Gan-DY","DY13-24","Lib3","I10",NA
"Gno-DY_DY15-24_Lib3_I4",16092,381.678,16092,0,10,0.000621427,14879,13796.3,15280,0.72974,"Gan-DY","DY15-24","Lib3","I4",NA
"Gno-DY_DY16-24_Lib3_I10",16091,14.9466,16092,0,1400,0.0869998,13021,12605.9,13973,0.30361,"Gan-DY","DY16-24","Lib3","I10",NA
"Gno-DY_DY17-24_Lib3_I7",16092,34.8183,16092,0,102,0.00633855,14758,13716.1,15195,0.70452,"Gan-DY","DY17-24","Lib3","I7",NA
"Gno-DY_DY18-24_Lib3_I10",16092,82.9566,16092,0,7,0.000434999,14797,13800.2,15284,0.67178,"Gan-DY","DY18-24","Lib3","I10",NA
"Gno-DY_DY20-24_Lib3_I7",16092,16.8743,16092,0,1558,0.0968183,13396,12436.7,13810,0.69853,"Gan-DY","DY20-24","Lib3","I7",NA
"Gno-DY_DY21-24_Lib3_I10",16092,229.929,16092,0,4,0.000248571,14881,13802.4,15286,0.72701,"Gan-DY","DY21-24","Lib3","I10",NA
"Gno-DY_DY24-24_Lib3_I2",16092,22.686,16092,0,393,0.0244221,13690,13450.8,14907,0.16424,"Gan-DY","DY24-24","Lib3","I2",NA
"Gno-DY_DY25-24_Lib3_I4",16092,53.0592,16092,0,90,0.00559284,14776,13723.2,15202,0.71194,"Gan-DY","DY25-24","Lib3","I4",NA
"Gno-DY_DY26-24_Lib3_I2",16092,43.9493,16092,0,209,0.0129878,14637,13619.6,15090,0.69192,"Gan-DY","DY26-24","Lib3","I2",NA
"Gno-DY_DY27-24_Lib3_I2",16092,85.4293,16092,0,1,6.21427e-05,14887,13805.2,15289,0.72908,"Gan-DY","DY27-24","Lib3","I2",NA
